name,pattern,pixel_size_um,thickness_um_x,spacing_um_x,thickness_um_y,spacing_um_y,grayscale,BS,TS,BS_TS
grayscale-none,grid,10.0,100.0,300.0,100.0,300.0,none,116220,262144,0.4433441162109375
grayscale-linear_x,grid,10.0,100.0,300.0,100.0,300.0,linear_x,116220,262144,0.4433441162109375
grayscale-linear_y,grid,10.0,100.0,300.0,100.0,300.0,linear_y,116220,262144,0.4433441162109375
grayscale-none,vertical,10.0,100.0,300.0,none,66560,262144,0.25390625
grayscale-linear_x,vertical,10.0,100.0,300.0,linear_x,66560,262144,0.25390625
grayscale-linear_y,vertical,10.0,100.0,300.0,linear_y,66560,262144,0.25390625
grayscale-none,grid,10.0,100.0,500.0,100.0,500.0,none,84060,262144,0.3206634521484375
grayscale-linear_x,grid,10.0,100.0,500.0,100.0,500.0,linear_x,84060,262144,0.3206634521484375
grayscale-linear_y,grid,10.0,100.0,500.0,100.0,500.0,linear_y,84060,262144,0.3206634521484375
grayscale-none,vertical,10.0,100.0,500.0,none,46080,262144,0.17578125
grayscale-linear_x,vertical,10.0,100.0,500.0,linear_x,46080,262144,0.17578125
grayscale-linear_y,vertical,10.0,100.0,500.0,linear_y,46080,262144,0.17578125
grayscale-none,grid,10.0,150.0,300.0,150.0,300.0,none,151920,262144,0.57952880859375
grayscale-linear_x,grid,10.0,150.0,300.0,150.0,300.0,linear_x,151920,262144,0.57952880859375
grayscale-linear_y,grid,10.0,150.0,300.0,150.0,300.0,linear_y,151920,262144,0.57952880859375
grayscale-none,vertical,10.0,150.0,300.0,none,92160,262144,0.3515625
grayscale-linear_x,vertical,10.0,150.0,300.0,linear_x,92160,262144,0.3515625
grayscale-linear_y,vertical,10.0,150.0,300.0,linear_y,92160,262144,0.3515625
grayscale-none,grid,10.0,150.0,500.0,150.0,500.0,none,108480,262144,0.413818359375
grayscale-linear_x,grid,10.0,150.0,500.0,150.0,500.0,linear_x,108480,262144,0.413818359375
grayscale-linear_y,grid,10.0,150.0,500.0,150.0,500.0,linear_y,108480,262144,0.413818359375
grayscale-none,vertical,10.0,150.0,500.0,none,61440,262144,0.234375
grayscale-linear_x,vertical,10.0,150.0,500.0,linear_x,61440,262144,0.234375
grayscale-linear_y,vertical,10.0,150.0,500.0,linear_y,61440,262144,0.234375
grayscale-none,grid,20.0,100.0,300.0,100.0,300.0,none,116220,262144,0.4433441162109375
grayscale-linear_x,grid,20.0,100.0,300.0,100.0,300.0,linear_x,116220,262144,0.4433441162109375
grayscale-linear_y,grid,20.0,100.0,300.0,100.0,300.0,linear_y,116220,262144,0.4433441162109375
grayscale-none,vertical,20.0,100.0,300.0,none,66560,262144,0.25390625
grayscale-linear_x,vertical,20.0,100.0,300.0,linear_x,66560,262144,0.25390625
grayscale-linear_y,vertical,20.0,100.0,300.0,linear_y,66560,262144,0.25390625
grayscale-none,grid,20.0,100.0,500.0,100.0,500.0,none,84060,262144,0.3206634521484375
grayscale-linear_x,grid,20.0,100.0,500.0,100.0,500.0,linear_x,84060,262144,0.3206634521484375
grayscale-linear_y,grid,20.0,100.0,500.0,100.0,500.0,linear_y,84060,262144,0.3206634521484375
grayscale-none,vertical,20.0,100.0,500.0,none,46080,262144,0.17578125
grayscale-linear_x,vertical,20.0,100.0,500.0,linear_x,46080,262144,0.17578125
grayscale-linear_y,vertical,20.0,100.0,500.0,linear_y,46080,262144,0.17578125
grayscale-none,grid,20.0,150.0,300.0,150.0,300.0,none,151920,262144,0.57952880859375
grayscale-linear_x,grid,20.0,150.0,300.0,150.0,300.0,linear_x,151920,262144,0.57952880859375
grayscale-linear_y,grid,20.0,150.0,300.0,150.0,300.0,linear_y,151920,262144,0.57952880859375
grayscale-none,vertical,20.0,150.0,300.0,none,92160,262144,0.3515625
grayscale-linear_x,vertical,20.0,150.0,300.0,linear_x,92160,262144,0.3515625
grayscale-linear_y,vertical,20.0,150.0,300.0,linear_y,92160,262144,0.3515625
grayscale-none,grid,20.0,150.0,500.0,150.0,500.0,none,108480,262144,0.413818359375
grayscale-linear_x,grid,20.0,150.0,500.0,150.0,500.0,linear_x,108480,262144,0.413818359375
grayscale-linear_y,grid,20.0,150.0,500.0,150.0,500.0,linear_y,108480,262144,0.413818359375
grayscale-none,vertical,20.0,150.0,500.0,none,61440,262144,0.234375
grayscale-linear_x,vertical,20.0,150.0,500.0,linear_x,61440,262144,0.234375
grayscale-linear_y,vertical,20.0,150.0,500.0,linear_y,61440,262144,0.234375
